x,y,desc
23.47262734,0,twentyfour_twentynine_zone
25,0,twentyfour_twentynine_zone
25,5,twentyfour_twentynine_zone
25,10,twentyfour_twentynine_zone
25,15,twentyfour_twentynine_zone
24.83531316,20.22355068,twentyfour_twentynine_zone
24.56945718,20.65590062,twentyfour_twentynine_zone
24.29607536,21.08353158,twentyfour_twentynine_zone
24.01525142,21.50631259,twentyfour_twentynine_zone
23.7270714,21.92411415,twentyfour_twentynine_zone
23.43162356,22.33680828,twentyfour_twentynine_zone
23.12899841,22.74426856,twentyfour_twentynine_zone
22.81928864,23.1463702,twentyfour_twentynine_zone
22.50258911,23.54299001,twentyfour_twentynine_zone
22.17899683,23.93400651,twentyfour_twentynine_zone
21.84861094,24.31929994,twentyfour_twentynine_zone
21.51153261,24.69875227,twentyfour_twentynine_zone
21.16786511,25.07224727,twentyfour_twentynine_zone
20.8177137,25.43967054,twentyfour_twentynine_zone
20.46118564,25.80090953,twentyfour_twentynine_zone
20.09839013,26.15585359,twentyfour_twentynine_zone
19.72943831,26.504394,twentyfour_twentynine_zone
19.35444318,26.84642399,twentyfour_twentynine_zone
18.97351961,27.18183881,twentyfour_twentynine_zone
18.58678428,27.51053571,twentyfour_twentynine_zone
18.19435565,27.83241401,twentyfour_twentynine_zone
17.79635393,28.14737511,twentyfour_twentynine_zone
17.39290102,28.45532254,twentyfour_twentynine_zone
16.98412051,28.75616197,twentyfour_twentynine_zone
16.57013761,29.04980125,twentyfour_twentynine_zone
16.15107913,29.33615044,twentyfour_twentynine_zone
15.72707343,29.61512182,twentyfour_twentynine_zone
15.29825039,29.88662995,twentyfour_twentynine_zone
14.86474135,30.15059165,twentyfour_twentynine_zone
14.42667911,30.40692608,twentyfour_twentynine_zone
13.98419785,30.65555472,twentyfour_twentynine_zone
13.5374331,30.89640141,twentyfour_twentynine_zone
13.08652171,31.12939237,twentyfour_twentynine_zone
12.63160181,31.35445624,twentyfour_twentynine_zone
12.17281273,31.57152409,twentyfour_twentynine_zone
11.71029501,31.78052941,twentyfour_twentynine_zone
11.24419032,31.98140819,twentyfour_twentynine_zone
10.77464144,32.17409891,twentyfour_twentynine_zone
10.30179218,32.35854253,twentyfour_twentynine_zone
9.825787395,32.53468255,twentyfour_twentynine_zone
9.346772881,32.70246504,twentyfour_twentynine_zone
8.864895367,32.86183859,twentyfour_twentynine_zone
8.380302455,33.01275438,twentyfour_twentynine_zone
7.893142581,33.15516619,twentyfour_twentynine_zone
7.403564967,33.2890304,twentyfour_twentynine_zone
6.911719574,33.414306,twentyfour_twentynine_zone
6.417757059,33.53095462,twentyfour_twentynine_zone
5.921828728,33.63894053,twentyfour_twentynine_zone
5.424086487,33.73823065,twentyfour_twentynine_zone
4.9246828,33.82879457,twentyfour_twentynine_zone
4.423770638,33.91060455,twentyfour_twentynine_zone
3.921503435,33.98363553,twentyfour_twentynine_zone
3.41803504,34.04786514,twentyfour_twentynine_zone
2.913519671,34.1032737,twentyfour_twentynine_zone
2.408111864,34.14984424,twentyfour_twentynine_zone
1.901966431,34.1875625,twentyfour_twentynine_zone
1.395238409,34.21641693,twentyfour_twentynine_zone
0.888083012,34.23639868,twentyfour_twentynine_zone
0.380655588,34.24750164,twentyfour_twentynine_zone
-0.126888435,34.2497224,twentyfour_twentynine_zone
-0.63439359,34.24306029,twentyfour_twentynine_zone
-1.141704426,34.22751734,twentyfour_twentynine_zone
-1.648665546,34.20309831,twentyfour_twentynine_zone
-2.155121666,34.16981069,twentyfour_twentynine_zone
-2.660917652,34.12766468,twentyfour_twentynine_zone
-3.165898576,34.07667317,twentyfour_twentynine_zone
-3.669909756,34.0168518,twentyfour_twentynine_zone
-4.17279681,33.94821888,twentyfour_twentynine_zone
-4.674405699,33.87079544,twentyfour_twentynine_zone
-5.174582775,33.78460519,twentyfour_twentynine_zone
-5.67317483,33.68967453,twentyfour_twentynine_zone
-6.17002914,33.58603255,twentyfour_twentynine_zone
-6.664993515,33.47371098,twentyfour_twentynine_zone
-7.157916343,33.35274424,twentyfour_twentynine_zone
-7.648646636,33.22316937,twentyfour_twentynine_zone
-8.13703408,33.08502607,twentyfour_twentynine_zone
-8.622929077,32.93835665,twentyfour_twentynine_zone
-9.106182794,32.78320604,twentyfour_twentynine_zone
-9.586647205,32.61962176,twentyfour_twentynine_zone
-10.06417514,32.44765392,twentyfour_twentynine_zone
-10.53862033,32.26735519,twentyfour_twentynine_zone
-11.00983744,32.07878081,twentyfour_twentynine_zone
-11.47768214,31.88198852,twentyfour_twentynine_zone
-11.94201112,31.67703862,twentyfour_twentynine_zone
-12.40268216,31.46399388,twentyfour_twentynine_zone
-12.85955415,31.24291956,twentyfour_twentynine_zone
-13.31248713,31.01388337,twentyfour_twentynine_zone
-13.76134239,30.77695547,twentyfour_twentynine_zone
-14.20598242,30.53220844,twentyfour_twentynine_zone
-14.64627103,30.27971724,twentyfour_twentynine_zone
-15.08207335,30.01955921,twentyfour_twentynine_zone
-15.5132559,29.75181404,twentyfour_twentynine_zone
-15.9396866,29.47656375,twentyfour_twentynine_zone
-16.36123483,29.19389264,twentyfour_twentynine_zone
-16.77777147,28.9038873,twentyfour_twentynine_zone
-17.18916893,28.60663656,twentyfour_twentynine_zone
-17.59530118,28.30223148,twentyfour_twentynine_zone
-17.99604384,27.99076529,twentyfour_twentynine_zone
-18.39127415,27.6723334,twentyfour_twentynine_zone
-18.78087105,27.34703334,twentyfour_twentynine_zone
-19.1647152,27.01496477,twentyfour_twentynine_zone
-19.54268902,26.67622939,twentyfour_twentynine_zone
-19.91467674,26.33093097,twentyfour_twentynine_zone
-20.28056441,25.97917526,twentyfour_twentynine_zone
-20.64023997,25.62107003,twentyfour_twentynine_zone
-20.99359324,25.25672495,twentyfour_twentynine_zone
-21.34051597,24.88625163,twentyfour_twentynine_zone
-21.68090192,24.50976355,twentyfour_twentynine_zone
-22.01464681,24.12737603,twentyfour_twentynine_zone
-22.34164842,23.7392062,twentyfour_twentynine_zone
-22.66180658,23.34537296,twentyfour_twentynine_zone
-22.97502322,22.94599695,twentyfour_twentynine_zone
-23.28120241,22.54120049,twentyfour_twentynine_zone
-23.58025035,22.13110758,twentyfour_twentynine_zone
-23.87207546,21.71584384,twentyfour_twentynine_zone
-24.15658833,21.29553646,twentyfour_twentynine_zone
-24.43370182,20.87031419,twentyfour_twentynine_zone
-24.70333105,20.44030728,twentyfour_twentynine_zone
-24.96539342,20.00564743,twentyfour_twentynine_zone
-24.96539342,20,twentyfour_twentynine_zone
-25,15,twentyfour_twentynine_zone
-25,10,twentyfour_twentynine_zone
-25,5,twentyfour_twentynine_zone
-25,0,twentyfour_twentynine_zone
-23.99908106,0,twentyfour_twentynine_zone
-23.42794309,0.041211022,twentyfour_twentynine_zone
-23.51551409,0.452021565,twentyfour_twentynine_zone
-23.59588208,0.864301772,twentyfour_twentynine_zone
-23.66902244,1.277925358,twentyfour_twentynine_zone
-23.73491276,1.692765626,twentyfour_twentynine_zone
-23.79353286,2.108695506,twentyfour_twentynine_zone
-23.84486479,2.525587597,twentyfour_twentynine_zone
-23.88889283,2.943314199,twentyfour_twentynine_zone
-23.92560348,3.361747361,twentyfour_twentynine_zone
-23.95498551,3.780758911,twentyfour_twentynine_zone
-23.9770299,4.200220502,twentyfour_twentynine_zone
-23.99172992,4.620003651,twentyfour_twentynine_zone
-23.99908106,5.039979773,twentyfour_twentynine_zone
-23.99908106,5.460020227,twentyfour_twentynine_zone
-23.99172992,5.879996349,twentyfour_twentynine_zone
-23.9770299,6.299779498,twentyfour_twentynine_zone
-23.95498551,6.719241089,twentyfour_twentynine_zone
-23.92560348,7.138252639,twentyfour_twentynine_zone
-23.88889283,7.556685801,twentyfour_twentynine_zone
-23.84486479,7.974412403,twentyfour_twentynine_zone
-23.79353286,8.391304494,twentyfour_twentynine_zone
-23.73491276,8.807234374,twentyfour_twentynine_zone
-23.66902244,9.222074642,twentyfour_twentynine_zone
-23.59588208,9.635698228,twentyfour_twentynine_zone
-23.51551409,10.04797843,twentyfour_twentynine_zone
-23.42794309,10.45878898,twentyfour_twentynine_zone
-23.3331959,10.86800402,twentyfour_twentynine_zone
-23.23130154,11.27549822,twentyfour_twentynine_zone
-23.12229122,11.68114675,twentyfour_twentynine_zone
-23.00619834,12.08482537,twentyfour_twentynine_zone
-22.88305845,12.48641042,twentyfour_twentynine_zone
-22.75290928,12.88577889,twentyfour_twentynine_zone
-22.61579069,13.28280845,twentyfour_twentynine_zone
-22.47174467,13.67737749,twentyfour_twentynine_zone
-22.32081536,14.06936515,twentyfour_twentynine_zone
-22.16304898,14.45865136,twentyfour_twentynine_zone
-21.99849386,14.84511688,twentyfour_twentynine_zone
-21.8272004,15.22864332,twentyfour_twentynine_zone
-21.64922108,15.60911322,twentyfour_twentynine_zone
-21.4646104,15.98641003,twentyfour_twentynine_zone
-21.27342492,16.36041817,twentyfour_twentynine_zone
-21.0757232,16.7310231,twentyfour_twentynine_zone
-20.8715658,17.09811129,twentyfour_twentynine_zone
-20.66101525,17.46157029,twentyfour_twentynine_zone
-20.44413604,17.82128878,twentyfour_twentynine_zone
-20.22099461,18.17715657,twentyfour_twentynine_zone
-19.99165931,18.52906466,twentyfour_twentynine_zone
-19.75620038,18.87690525,twentyfour_twentynine_zone
-19.51468995,19.22057179,twentyfour_twentynine_zone
-19.26720199,19.55995903,twentyfour_twentynine_zone
-19.01381232,19.89496299,twentyfour_twentynine_zone
-18.75459855,20.22548107,twentyfour_twentynine_zone
-18.48964007,20.55141203,twentyfour_twentynine_zone
-18.21901805,20.87265602,twentyfour_twentynine_zone
-17.94281538,21.18911466,twentyfour_twentynine_zone
-17.66111667,21.500691,twentyfour_twentynine_zone
-17.37400819,21.80728961,twentyfour_twentynine_zone
-17.08157791,22.10881657,twentyfour_twentynine_zone
-16.78391538,22.40517953,twentyfour_twentynine_zone
-16.48111178,22.6962877,twentyfour_twentynine_zone
-16.17325988,22.98205191,twentyfour_twentynine_zone
-15.86045396,23.26238464,twentyfour_twentynine_zone
-15.54278983,23.53720001,twentyfour_twentynine_zone
-15.22036482,23.80641385,twentyfour_twentynine_zone
-14.89327766,24.06994369,twentyfour_twentynine_zone
-14.56162857,24.32770881,twentyfour_twentynine_zone
-14.22551911,24.57963026,twentyfour_twentynine_zone
-13.88505225,24.82563087,twentyfour_twentynine_zone
-13.54033228,25.06563529,twentyfour_twentynine_zone
-13.19146477,25.29957,twentyfour_twentynine_zone
-12.83855661,25.52736334,twentyfour_twentynine_zone
-12.48171588,25.74894555,twentyfour_twentynine_zone
-12.12105188,25.96424875,twentyfour_twentynine_zone
-11.7566751,26.17320698,twentyfour_twentynine_zone
-11.38869715,26.37575625,twentyfour_twentynine_zone
-11.01723073,26.57183451,twentyfour_twentynine_zone
-10.64238964,26.7613817,twentyfour_twentynine_zone
-10.26428868,26.94433976,twentyfour_twentynine_zone
-9.883043688,27.12065265,twentyfour_twentynine_zone
-9.498771426,27.29026636,twentyfour_twentynine_zone
-9.111589605,27.45312894,twentyfour_twentynine_zone
-8.721616822,27.6091905,twentyfour_twentynine_zone
-8.328972529,27.75840324,twentyfour_twentynine_zone
-7.933776997,27.90072146,twentyfour_twentynine_zone
-7.536151278,28.03610155,twentyfour_twentynine_zone
-7.136217167,28.16450206,twentyfour_twentynine_zone
-6.73409717,28.28588365,twentyfour_twentynine_zone
-6.329914457,28.40020913,twentyfour_twentynine_zone
-5.923792835,28.50744351,twentyfour_twentynine_zone
-5.515856702,28.60755391,twentyfour_twentynine_zone
-5.106231013,28.70050969,twentyfour_twentynine_zone
-4.695041238,28.78628237,twentyfour_twentynine_zone
-4.282413331,28.86484567,twentyfour_twentynine_zone
-3.868473682,28.93617553,twentyfour_twentynine_zone
-3.453349084,29.00025011,twentyfour_twentynine_zone
-3.037166695,29.05704976,twentyfour_twentynine_zone
-2.620053994,29.10655711,twentyfour_twentynine_zone
-2.202138747,29.14875697,twentyfour_twentynine_zone
-1.783548965,29.18363644,twentyfour_twentynine_zone
-1.364412866,29.21118481,twentyfour_twentynine_zone
-0.944858835,29.23139366,twentyfour_twentynine_zone
-0.525015385,29.24425679,twentyfour_twentynine_zone
-0.105011119,29.24977026,twentyfour_twentynine_zone
0.315025314,29.24793239,twentyfour_twentynine_zone
0.734965251,29.23874374,twentyfour_twentynine_zone
1.154680062,29.22220711,twentyfour_twentynine_zone
1.574041184,29.19832759,twentyfour_twentynine_zone
1.992920163,29.16711248,twentyfour_twentynine_zone
2.411188693,29.12857134,twentyfour_twentynine_zone
2.828718654,29.08271598,twentyfour_twentynine_zone
3.245382153,29.02956044,twentyfour_twentynine_zone
3.661051562,28.96912101,twentyfour_twentynine_zone
4.075599558,28.9014162,twentyfour_twentynine_zone
4.488899162,28.82646675,twentyfour_twentynine_zone
4.900823775,28.74429561,twentyfour_twentynine_zone
5.311247222,28.65492796,twentyfour_twentynine_zone
5.720043786,28.55839117,twentyfour_twentynine_zone
6.127088249,28.45471481,twentyfour_twentynine_zone
6.532255929,28.34393064,twentyfour_twentynine_zone
6.935422721,28.22607259,twentyfour_twentynine_zone
7.336465131,28.10117676,twentyfour_twentynine_zone
7.735260315,27.96928141,twentyfour_twentynine_zone
8.13168612,27.83042694,twentyfour_twentynine_zone
8.525621116,27.68465588,twentyfour_twentynine_zone
8.916944637,27.53201289,twentyfour_twentynine_zone
9.305536818,27.37254471,twentyfour_twentynine_zone
9.69127863,27.2063002,twentyfour_twentynine_zone
10.07405192,27.03333028,twentyfour_twentynine_zone
10.45373943,26.85368793,twentyfour_twentynine_zone
10.83022487,26.66742817,twentyfour_twentynine_zone
11.20339291,26.47460806,twentyfour_twentynine_zone
11.57312925,26.27528666,twentyfour_twentynine_zone
11.93932064,26.06952503,twentyfour_twentynine_zone
12.30185491,25.85738619,twentyfour_twentynine_zone
12.66062101,25.63893513,twentyfour_twentynine_zone
13.01550905,25.41423875,twentyfour_twentynine_zone
13.36641032,25.18336588,twentyfour_twentynine_zone
13.71321733,24.94638724,twentyfour_twentynine_zone
14.05582387,24.70337542,twentyfour_twentynine_zone
14.39412498,24.45440486,twentyfour_twentynine_zone
14.72801704,24.19955182,twentyfour_twentynine_zone
15.05739778,23.93889435,twentyfour_twentynine_zone
15.3821663,23.67251231,twentyfour_twentynine_zone
15.70222312,23.40048729,twentyfour_twentynine_zone
16.01747021,23.12290262,twentyfour_twentynine_zone
16.32781101,22.83984331,twentyfour_twentynine_zone
16.63315045,22.55139607,twentyfour_twentynine_zone
16.93339501,22.25764926,twentyfour_twentynine_zone
17.22845272,21.95869286,twentyfour_twentynine_zone
17.51823319,21.65461843,twentyfour_twentynine_zone
17.80264768,21.34551912,twentyfour_twentynine_zone
18.08160905,21.03148961,twentyfour_twentynine_zone
18.35503186,20.71262608,twentyfour_twentynine_zone
18.62283237,20.38902621,twentyfour_twentynine_zone
18.88492853,20.06078913,twentyfour_twentynine_zone
19.14124006,19.72801536,twentyfour_twentynine_zone
19.39168847,19.39080685,twentyfour_twentynine_zone
19.63619702,19.04926688,twentyfour_twentynine_zone
19.87469083,18.70350008,twentyfour_twentynine_zone
20.10709685,18.35361234,twentyfour_twentynine_zone
20.33334387,17.99971085,twentyfour_twentynine_zone
20.55336262,17.64190401,twentyfour_twentynine_zone
20.76708568,17.28030142,twentyfour_twentynine_zone
20.9744476,16.91501384,twentyfour_twentynine_zone
21.17538486,16.54615316,twentyfour_twentynine_zone
21.3698359,16.17383237,twentyfour_twentynine_zone
21.55774117,15.7981655,twentyfour_twentynine_zone
21.73904312,15.41926764,twentyfour_twentynine_zone
21.91368619,15.03725485,twentyfour_twentynine_zone
22.08161691,14.65224412,twentyfour_twentynine_zone
22.24278383,14.26435341,twentyfour_twentynine_zone
22.39713759,13.87370152,twentyfour_twentynine_zone
22.5446309,13.48040811,twentyfour_twentynine_zone
22.68521859,13.08459365,twentyfour_twentynine_zone
22.81885759,12.68637939,twentyfour_twentynine_zone
22.94550697,12.28588729,twentyfour_twentynine_zone
23.06512793,11.88324005,twentyfour_twentynine_zone
23.17768384,11.47856098,twentyfour_twentynine_zone
23.28314021,11.07197404,twentyfour_twentynine_zone
23.38146475,10.66360378,twentyfour_twentynine_zone
23.47262734,10.25357529,twentyfour_twentynine_zone
23.55660005,9.842014157,twentyfour_twentynine_zone
23.63335716,9.429046448,twentyfour_twentynine_zone
23.70287516,9.01479866,twentyfour_twentynine_zone
23.76513276,8.59939768,twentyfour_twentynine_zone
23.82011089,8.18297075,twentyfour_twentynine_zone
23.86779269,7.765645424,twentyfour_twentynine_zone
23.90816358,7.347549534,twentyfour_twentynine_zone
23.94121119,6.928811145,twentyfour_twentynine_zone
23.96692538,6.509558521,twentyfour_twentynine_zone
23.98529829,6.089920083,twentyfour_twentynine_zone
23.99632429,5.67002437,twentyfour_twentynine_zone
24,5.25,twentyfour_twentynine_zone
23.99632429,4.82997563,twentyfour_twentynine_zone
23.98529829,4.410079917,twentyfour_twentynine_zone
23.96692538,3.990441479,twentyfour_twentynine_zone
23.94121119,3.571188855,twentyfour_twentynine_zone
23.90816358,3.152450466,twentyfour_twentynine_zone
23.86779269,2.734354576,twentyfour_twentynine_zone
23.82011089,2.31702925,twentyfour_twentynine_zone
23.76513276,1.90060232,twentyfour_twentynine_zone
23.70287516,1.48520134,twentyfour_twentynine_zone
23.63335716,1.070953552,twentyfour_twentynine_zone
23.55660005,0.657985843,twentyfour_twentynine_zone
23.47262734,0,twentyfour_twentynine_zone
-23.42794309,0.041211022,twenty_twentyfour_zone
-23.51551409,0.452021565,twenty_twentyfour_zone
-23.59588208,0.864301772,twenty_twentyfour_zone
-23.66902244,1.277925358,twenty_twentyfour_zone
-23.73491276,1.692765626,twenty_twentyfour_zone
-23.79353286,2.108695506,twenty_twentyfour_zone
-23.84486479,2.525587597,twenty_twentyfour_zone
-23.88889283,2.943314199,twenty_twentyfour_zone
-23.92560348,3.361747361,twenty_twentyfour_zone
-23.95498551,3.780758911,twenty_twentyfour_zone
-23.9770299,4.200220502,twenty_twentyfour_zone
-23.99172992,4.620003651,twenty_twentyfour_zone
-23.99908106,5.039979773,twenty_twentyfour_zone
-23.99908106,5.460020227,twenty_twentyfour_zone
-23.99172992,5.879996349,twenty_twentyfour_zone
-23.9770299,6.299779498,twenty_twentyfour_zone
-23.95498551,6.719241089,twenty_twentyfour_zone
-23.92560348,7.138252639,twenty_twentyfour_zone
-23.88889283,7.556685801,twenty_twentyfour_zone
-23.84486479,7.974412403,twenty_twentyfour_zone
-23.79353286,8.391304494,twenty_twentyfour_zone
-23.73491276,8.807234374,twenty_twentyfour_zone
-23.66902244,9.222074642,twenty_twentyfour_zone
-23.59588208,9.635698228,twenty_twentyfour_zone
-23.51551409,10.04797843,twenty_twentyfour_zone
-23.42794309,10.45878898,twenty_twentyfour_zone
-23.3331959,10.86800402,twenty_twentyfour_zone
-23.23130154,11.27549822,twenty_twentyfour_zone
-23.12229122,11.68114675,twenty_twentyfour_zone
-23.00619834,12.08482537,twenty_twentyfour_zone
-22.88305845,12.48641042,twenty_twentyfour_zone
-22.75290928,12.88577889,twenty_twentyfour_zone
-22.61579069,13.28280845,twenty_twentyfour_zone
-22.47174467,13.67737749,twenty_twentyfour_zone
-22.32081536,14.06936515,twenty_twentyfour_zone
-22.16304898,14.45865136,twenty_twentyfour_zone
-21.99849386,14.84511688,twenty_twentyfour_zone
-21.8272004,15.22864332,twenty_twentyfour_zone
-21.64922108,15.60911322,twenty_twentyfour_zone
-21.4646104,15.98641003,twenty_twentyfour_zone
-21.27342492,16.36041817,twenty_twentyfour_zone
-21.0757232,16.7310231,twenty_twentyfour_zone
-20.8715658,17.09811129,twenty_twentyfour_zone
-20.66101525,17.46157029,twenty_twentyfour_zone
-20.44413604,17.82128878,twenty_twentyfour_zone
-20.22099461,18.17715657,twenty_twentyfour_zone
-19.99165931,18.52906466,twenty_twentyfour_zone
-19.75620038,18.87690525,twenty_twentyfour_zone
-19.51468995,19.22057179,twenty_twentyfour_zone
-19.26720199,19.55995903,twenty_twentyfour_zone
-19.01381232,19.89496299,twenty_twentyfour_zone
-18.75459855,20.22548107,twenty_twentyfour_zone
-18.48964007,20.55141203,twenty_twentyfour_zone
-18.21901805,20.87265602,twenty_twentyfour_zone
-17.94281538,21.18911466,twenty_twentyfour_zone
-17.66111667,21.500691,twenty_twentyfour_zone
-17.37400819,21.80728961,twenty_twentyfour_zone
-17.08157791,22.10881657,twenty_twentyfour_zone
-16.78391538,22.40517953,twenty_twentyfour_zone
-16.48111178,22.6962877,twenty_twentyfour_zone
-16.17325988,22.98205191,twenty_twentyfour_zone
-15.86045396,23.26238464,twenty_twentyfour_zone
-15.54278983,23.53720001,twenty_twentyfour_zone
-15.22036482,23.80641385,twenty_twentyfour_zone
-14.89327766,24.06994369,twenty_twentyfour_zone
-14.56162857,24.32770881,twenty_twentyfour_zone
-14.22551911,24.57963026,twenty_twentyfour_zone
-13.88505225,24.82563087,twenty_twentyfour_zone
-13.54033228,25.06563529,twenty_twentyfour_zone
-13.19146477,25.29957,twenty_twentyfour_zone
-12.83855661,25.52736334,twenty_twentyfour_zone
-12.48171588,25.74894555,twenty_twentyfour_zone
-12.12105188,25.96424875,twenty_twentyfour_zone
-11.7566751,26.17320698,twenty_twentyfour_zone
-11.38869715,26.37575625,twenty_twentyfour_zone
-11.01723073,26.57183451,twenty_twentyfour_zone
-10.64238964,26.7613817,twenty_twentyfour_zone
-10.26428868,26.94433976,twenty_twentyfour_zone
-9.883043688,27.12065265,twenty_twentyfour_zone
-9.498771426,27.29026636,twenty_twentyfour_zone
-9.111589605,27.45312894,twenty_twentyfour_zone
-8.721616822,27.6091905,twenty_twentyfour_zone
-8.328972529,27.75840324,twenty_twentyfour_zone
-7.933776997,27.90072146,twenty_twentyfour_zone
-7.536151278,28.03610155,twenty_twentyfour_zone
-7.136217167,28.16450206,twenty_twentyfour_zone
-6.73409717,28.28588365,twenty_twentyfour_zone
-6.329914457,28.40020913,twenty_twentyfour_zone
-5.923792835,28.50744351,twenty_twentyfour_zone
-5.515856702,28.60755391,twenty_twentyfour_zone
-5.106231013,28.70050969,twenty_twentyfour_zone
-4.695041238,28.78628237,twenty_twentyfour_zone
-4.282413331,28.86484567,twenty_twentyfour_zone
-3.868473682,28.93617553,twenty_twentyfour_zone
-3.453349084,29.00025011,twenty_twentyfour_zone
-3.037166695,29.05704976,twenty_twentyfour_zone
-2.620053994,29.10655711,twenty_twentyfour_zone
-2.202138747,29.14875697,twenty_twentyfour_zone
-1.783548965,29.18363644,twenty_twentyfour_zone
-1.364412866,29.21118481,twenty_twentyfour_zone
-0.944858835,29.23139366,twenty_twentyfour_zone
-0.525015385,29.24425679,twenty_twentyfour_zone
-0.105011119,29.24977026,twenty_twentyfour_zone
0.315025314,29.24793239,twenty_twentyfour_zone
0.734965251,29.23874374,twenty_twentyfour_zone
1.154680062,29.22220711,twenty_twentyfour_zone
1.574041184,29.19832759,twenty_twentyfour_zone
1.992920163,29.16711248,twenty_twentyfour_zone
2.411188693,29.12857134,twenty_twentyfour_zone
2.828718654,29.08271598,twenty_twentyfour_zone
3.245382153,29.02956044,twenty_twentyfour_zone
3.661051562,28.96912101,twenty_twentyfour_zone
4.075599558,28.9014162,twenty_twentyfour_zone
4.488899162,28.82646675,twenty_twentyfour_zone
4.900823775,28.74429561,twenty_twentyfour_zone
5.311247222,28.65492796,twenty_twentyfour_zone
5.720043786,28.55839117,twenty_twentyfour_zone
6.127088249,28.45471481,twenty_twentyfour_zone
6.532255929,28.34393064,twenty_twentyfour_zone
6.935422721,28.22607259,twenty_twentyfour_zone
7.336465131,28.10117676,twenty_twentyfour_zone
7.735260315,27.96928141,twenty_twentyfour_zone
8.13168612,27.83042694,twenty_twentyfour_zone
8.525621116,27.68465588,twenty_twentyfour_zone
8.916944637,27.53201289,twenty_twentyfour_zone
9.305536818,27.37254471,twenty_twentyfour_zone
9.69127863,27.2063002,twenty_twentyfour_zone
10.07405192,27.03333028,twenty_twentyfour_zone
10.45373943,26.85368793,twenty_twentyfour_zone
10.83022487,26.66742817,twenty_twentyfour_zone
11.20339291,26.47460806,twenty_twentyfour_zone
11.57312925,26.27528666,twenty_twentyfour_zone
11.93932064,26.06952503,twenty_twentyfour_zone
12.30185491,25.85738619,twenty_twentyfour_zone
12.66062101,25.63893513,twenty_twentyfour_zone
13.01550905,25.41423875,twenty_twentyfour_zone
13.36641032,25.18336588,twenty_twentyfour_zone
13.71321733,24.94638724,twenty_twentyfour_zone
14.05582387,24.70337542,twenty_twentyfour_zone
14.39412498,24.45440486,twenty_twentyfour_zone
14.72801704,24.19955182,twenty_twentyfour_zone
15.05739778,23.93889435,twenty_twentyfour_zone
15.3821663,23.67251231,twenty_twentyfour_zone
15.70222312,23.40048729,twenty_twentyfour_zone
16.01747021,23.12290262,twenty_twentyfour_zone
16.32781101,22.83984331,twenty_twentyfour_zone
16.63315045,22.55139607,twenty_twentyfour_zone
16.93339501,22.25764926,twenty_twentyfour_zone
17.22845272,21.95869286,twenty_twentyfour_zone
17.51823319,21.65461843,twenty_twentyfour_zone
17.80264768,21.34551912,twenty_twentyfour_zone
18.08160905,21.03148961,twenty_twentyfour_zone
18.35503186,20.71262608,twenty_twentyfour_zone
18.62283237,20.38902621,twenty_twentyfour_zone
18.88492853,20.06078913,twenty_twentyfour_zone
19.14124006,19.72801536,twenty_twentyfour_zone
19.39168847,19.39080685,twenty_twentyfour_zone
19.63619702,19.04926688,twenty_twentyfour_zone
19.87469083,18.70350008,twenty_twentyfour_zone
20.10709685,18.35361234,twenty_twentyfour_zone
20.33334387,17.99971085,twenty_twentyfour_zone
20.55336262,17.64190401,twenty_twentyfour_zone
20.76708568,17.28030142,twenty_twentyfour_zone
20.9744476,16.91501384,twenty_twentyfour_zone
21.17538486,16.54615316,twenty_twentyfour_zone
21.3698359,16.17383237,twenty_twentyfour_zone
21.55774117,15.7981655,twenty_twentyfour_zone
21.73904312,15.41926764,twenty_twentyfour_zone
21.91368619,15.03725485,twenty_twentyfour_zone
22.08161691,14.65224412,twenty_twentyfour_zone
22.24278383,14.26435341,twenty_twentyfour_zone
22.39713759,13.87370152,twenty_twentyfour_zone
22.5446309,13.48040811,twenty_twentyfour_zone
22.68521859,13.08459365,twenty_twentyfour_zone
22.81885759,12.68637939,twenty_twentyfour_zone
22.94550697,12.28588729,twenty_twentyfour_zone
23.06512793,11.88324005,twenty_twentyfour_zone
23.17768384,11.47856098,twenty_twentyfour_zone
23.28314021,11.07197404,twenty_twentyfour_zone
23.38146475,10.66360378,twenty_twentyfour_zone
23.47262734,10.25357529,twenty_twentyfour_zone
23.55660005,9.842014157,twenty_twentyfour_zone
23.63335716,9.429046448,twenty_twentyfour_zone
23.70287516,9.01479866,twenty_twentyfour_zone
23.76513276,8.59939768,twenty_twentyfour_zone
23.82011089,8.18297075,twenty_twentyfour_zone
23.86779269,7.765645424,twenty_twentyfour_zone
23.90816358,7.347549534,twenty_twentyfour_zone
23.94121119,6.928811145,twenty_twentyfour_zone
23.96692538,6.509558521,twenty_twentyfour_zone
23.98529829,6.089920083,twenty_twentyfour_zone
23.99632429,5.67002437,twenty_twentyfour_zone
24,5.25,twenty_twentyfour_zone
23.99632429,4.82997563,twenty_twentyfour_zone
23.98529829,4.410079917,twenty_twentyfour_zone
23.96692538,3.990441479,twenty_twentyfour_zone
23.94121119,3.571188855,twenty_twentyfour_zone
23.90816358,3.152450466,twenty_twentyfour_zone
23.86779269,2.734354576,twenty_twentyfour_zone
23.82011089,2.31702925,twenty_twentyfour_zone
23.76513276,1.90060232,twenty_twentyfour_zone
23.70287516,1.48520134,twenty_twentyfour_zone
23.63335716,1.070953552,twenty_twentyfour_zone
23.55660005,0.657985843,twenty_twentyfour_zone
23.47262734,0,twenty_twentyfour_zone
21.5,0,twenty_twentyfour_zone
19.31473653,0,twenty_twentyfour_zone
19.31473653,0.059532521,twenty_twentyfour_zone
19.40261685,0.398354966,twenty_twentyfour_zone
19.48455396,0.738663514,twenty_twentyfour_zone
19.56052278,1.080353925,twenty_twentyfour_zone
19.63050004,1.423321536,twenty_twentyfour_zone
19.6944643,1.767461293,twenty_twentyfour_zone
19.75239597,2.112667783,twenty_twentyfour_zone
19.8042773,2.458835266,twenty_twentyfour_zone
19.8500924,2.805857708,twenty_twentyfour_zone
19.88982725,3.153628813,twenty_twentyfour_zone
19.92346965,3.502042055,twenty_twentyfour_zone
19.95100932,3.850990713,twenty_twentyfour_zone
19.97243782,4.200367899,twenty_twentyfour_zone
19.98774858,4.550066597,twenty_twentyfour_zone
19.99693691,4.899979691,twenty_twentyfour_zone
20,5.25,twenty_twentyfour_zone
20,5.25,twenty_twentyfour_zone
19.99693691,5.600020309,twenty_twentyfour_zone
19.98774858,5.949933403,twenty_twentyfour_zone
19.97243782,6.299632101,twenty_twentyfour_zone
19.95100932,6.649009287,twenty_twentyfour_zone
19.92346965,6.997957945,twenty_twentyfour_zone
19.88982725,7.346371187,twenty_twentyfour_zone
19.8500924,7.694142292,twenty_twentyfour_zone
19.8042773,8.041164734,twenty_twentyfour_zone
19.75239597,8.387332217,twenty_twentyfour_zone
19.6944643,8.732538707,twenty_twentyfour_zone
19.63050004,9.076678464,twenty_twentyfour_zone
19.56052278,9.419646075,twenty_twentyfour_zone
19.48455396,9.761336486,twenty_twentyfour_zone
19.40261685,10.10164503,twenty_twentyfour_zone
19.31473653,10.44046748,twenty_twentyfour_zone
19.22093994,10.77770004,twenty_twentyfour_zone
19.12125581,11.11323941,twenty_twentyfour_zone
19.01571466,11.44698282,twenty_twentyfour_zone
18.90434882,11.77882804,twenty_twentyfour_zone
18.78719242,12.10867342,twenty_twentyfour_zone
18.66428132,12.43641793,twenty_twentyfour_zone
18.53565319,12.76196117,twenty_twentyfour_zone
18.40134743,13.08520344,twenty_twentyfour_zone
18.26140516,13.40604571,twenty_twentyfour_zone
18.11586926,13.7243897,twenty_twentyfour_zone
17.96478431,14.04013792,twenty_twentyfour_zone
17.80819658,14.35319364,twenty_twentyfour_zone
17.64615405,14.66346097,twenty_twentyfour_zone
17.47870633,14.97084487,twenty_twentyfour_zone
17.30590473,15.27525118,twenty_twentyfour_zone
17.12780218,15.57658668,twenty_twentyfour_zone
16.94445323,15.87475905,twenty_twentyfour_zone
16.75591404,16.16967695,twenty_twentyfour_zone
16.56224236,16.46125007,twenty_twentyfour_zone
16.36349752,16.74938907,twenty_twentyfour_zone
16.15974039,17.03400571,twenty_twentyfour_zone
15.95103339,17.3150128,twenty_twentyfour_zone
15.73744044,17.59232427,twenty_twentyfour_zone
15.51902697,17.86585518,twenty_twentyfour_zone
15.29585989,18.13552173,twenty_twentyfour_zone
15.06800754,18.40124134,twenty_twentyfour_zone
14.83553973,18.6629326,twenty_twentyfour_zone
14.59852766,18.92051536,twenty_twentyfour_zone
14.35704393,19.17391071,twenty_twentyfour_zone
14.11116251,19.42304105,twenty_twentyfour_zone
13.86095871,19.66783006,twenty_twentyfour_zone
13.60650918,19.90820276,twenty_twentyfour_zone
13.34789185,20.14408551,twenty_twentyfour_zone
13.08518594,20.37540608,twenty_twentyfour_zone
12.81847192,20.6020936,twenty_twentyfour_zone
12.54783148,20.82407863,twenty_twentyfour_zone
12.27334753,21.04129318,twenty_twentyfour_zone
11.99510415,21.25367072,twenty_twentyfour_zone
11.71318656,21.46114619,twenty_twentyfour_zone
11.42768111,21.66365603,twenty_twentyfour_zone
11.13867526,21.86113823,twenty_twentyfour_zone
10.84625754,22.05353229,twenty_twentyfour_zone
10.55051751,22.24077927,twenty_twentyfour_zone
10.25154576,22.42282183,twenty_twentyfour_zone
9.949433869,22.59960419,twenty_twentyfour_zone
9.644274377,22.77107222,twenty_twentyfour_zone
9.336160758,22.93717338,twenty_twentyfour_zone
9.025187389,23.09785681,twenty_twentyfour_zone
8.711449524,23.25307327,twenty_twentyfour_zone
8.395043263,23.40277523,twenty_twentyfour_zone
8.076065525,23.54691683,twenty_twentyfour_zone
7.754614015,23.68545393,twenty_twentyfour_zone
7.430787198,23.81834407,twenty_twentyfour_zone
7.104684263,23.94554657,twenty_twentyfour_zone
6.7764051,24.06702245,twenty_twentyfour_zone
6.446050263,24.18273451,twenty_twentyfour_zone
6.113720943,24.2926473,twenty_twentyfour_zone
5.779518934,24.39672716,twenty_twentyfour_zone
5.443546608,24.4949422,twenty_twentyfour_zone
5.105906874,24.58726234,twenty_twentyfour_zone
4.766703155,24.67365931,twenty_twentyfour_zone
4.426039351,24.75410664,twenty_twentyfour_zone
4.084019812,24.82857968,twenty_twentyfour_zone
3.740749301,24.89705562,twenty_twentyfour_zone
3.396332965,24.9595135,twenty_twentyfour_zone
3.050876302,25.01593417,twenty_twentyfour_zone
2.704485128,25.06630037,twenty_twentyfour_zone
2.357265545,25.11059665,twenty_twentyfour_zone
2.009323911,25.14880945,twenty_twentyfour_zone
1.660766803,25.18092706,twenty_twentyfour_zone
1.311700987,25.20693966,twenty_twentyfour_zone
0.962233385,25.22683926,twenty_twentyfour_zone
0.612471043,25.24061978,twenty_twentyfour_zone
0.262521095,25.24827699,twenty_twentyfour_zone
-0.087509265,25.24980855,twenty_twentyfour_zone
-0.437512821,25.24521399,twenty_twentyfour_zone
-0.787382362,25.23449472,twenty_twentyfour_zone
-1.137010722,25.21765401,twenty_twentyfour_zone
-1.486290804,25.19469703,twenty_twentyfour_zone
-1.835115622,25.16563081,twenty_twentyfour_zone
-2.183378328,25.13046426,twenty_twentyfour_zone
-2.530972246,25.08920814,twenty_twentyfour_zone
-2.877790903,25.04187509,twenty_twentyfour_zone
-3.223728068,24.98847961,twenty_twentyfour_zone
-3.568677776,24.92903806,twenty_twentyfour_zone
-3.912534365,24.86356864,twenty_twentyfour_zone
-4.25519251,24.79209141,twenty_twentyfour_zone
-4.596547252,24.71462826,twenty_twentyfour_zone
-4.936494029,24.63120292,twenty_twentyfour_zone
-5.274928714,24.54184095,twenty_twentyfour_zone
-5.611747641,24.4465697,twenty_twentyfour_zone
-5.946847639,24.34541838,twenty_twentyfour_zone
-6.280126065,24.23841796,twenty_twentyfour_zone
-6.611480831,24.12560121,twenty_twentyfour_zone
-6.940810441,24.0070027,twenty_twentyfour_zone
-7.268014018,23.88265875,twenty_twentyfour_zone
-7.592991337,23.75260745,twenty_twentyfour_zone
-7.915642855,23.61688864,twenty_twentyfour_zone
-8.23586974,23.47554388,twenty_twentyfour_zone
-8.553573904,23.32861647,twenty_twentyfour_zone
-8.868658031,23.17615142,twenty_twentyfour_zone
-9.181025609,23.01819543,twenty_twentyfour_zone
-9.490580956,22.85479688,twenty_twentyfour_zone
-9.797229253,22.68600582,twenty_twentyfour_zone
-10.10087657,22.51187396,twenty_twentyfour_zone
-10.4014299,22.33245463,twenty_twentyfour_zone
-10.69879717,22.14780279,twenty_twentyfour_zone
-10.99288731,21.957975,twenty_twentyfour_zone
-11.28361023,21.76302941,twenty_twentyfour_zone
-11.57087688,21.56302573,twenty_twentyfour_zone
-11.85459926,21.35802522,twenty_twentyfour_zone
-12.13469047,21.14809068,twenty_twentyfour_zone
-12.41106472,20.93328641,twenty_twentyfour_zone
-12.68363735,20.71367821,twenty_twentyfour_zone
-12.95232486,20.48933334,twenty_twentyfour_zone
-13.21704496,20.26032053,twenty_twentyfour_zone
-13.47771656,20.02670993,twenty_twentyfour_zone
-13.73425982,19.78857308,twenty_twentyfour_zone
-13.98659615,19.54598294,twenty_twentyfour_zone
-14.23464826,19.29901381,twenty_twentyfour_zone
-14.47834016,19.04774134,twenty_twentyfour_zone
-14.71759722,18.7922425,twenty_twentyfour_zone
-14.95234615,18.53259555,twenty_twentyfour_zone
-15.18251504,18.26888002,twenty_twentyfour_zone
-15.40803339,18.00117669,twenty_twentyfour_zone
-15.62883212,17.72956756,twenty_twentyfour_zone
-15.8448436,17.45413583,twenty_twentyfour_zone
-16.05600166,17.17496586,twenty_twentyfour_zone
-16.26224162,16.89214316,twenty_twentyfour_zone
-16.46350032,16.60575437,twenty_twentyfour_zone
-16.65971609,16.31588721,twenty_twentyfour_zone
-16.85082884,16.02263048,twenty_twentyfour_zone
-17.03678003,15.72607398,twenty_twentyfour_zone
-17.21751271,15.42630858,twenty_twentyfour_zone
-17.3929715,15.12342607,twenty_twentyfour_zone
-17.56310267,14.81751925,twenty_twentyfour_zone
-17.7278541,14.50868181,twenty_twentyfour_zone
-17.88717534,14.19700835,twenty_twentyfour_zone
-18.04101757,13.88259435,twenty_twentyfour_zone
-18.18933367,13.5655361,twenty_twentyfour_zone
-18.33207822,13.24593073,twenty_twentyfour_zone
-18.46920748,12.92387613,twenty_twentyfour_zone
-18.60067947,12.59947096,twenty_twentyfour_zone
-18.72645389,12.27281458,twenty_twentyfour_zone
-18.84649224,11.94400704,twenty_twentyfour_zone
-18.96075773,11.61314907,twenty_twentyfour_zone
-19.06921538,11.28034202,twenty_twentyfour_zone
-19.17183195,10.94568781,twenty_twentyfour_zone
-19.26857602,10.60928896,twenty_twentyfour_zone
-19.35941795,10.27124852,twenty_twentyfour_zone
-19.44432991,9.931670018,twenty_twentyfour_zone
-19.52328591,9.590657481,twenty_twentyfour_zone
-19.59626174,9.248315362,twenty_twentyfour_zone
-19.66323507,8.904748523,twenty_twentyfour_zone
-19.72418536,8.560062202,twenty_twentyfour_zone
-19.77909396,8.214361979,twenty_twentyfour_zone
-19.82794405,7.867753745,twenty_twentyfour_zone
-19.87072066,7.520343669,twenty_twentyfour_zone
-19.90741069,7.172238167,twenty_twentyfour_zone
-19.9380029,6.823543866,twenty_twentyfour_zone
-19.96248792,6.474367574,twenty_twentyfour_zone
-19.98085825,6.124816248,twenty_twentyfour_zone
-19.99310827,5.774996957,twenty_twentyfour_zone
-19.99923421,5.425016856,twenty_twentyfour_zone
-19.99923421,5.074983144,twenty_twentyfour_zone
-19.99310827,4.725003043,twenty_twentyfour_zone
-19.98085825,4.375183752,twenty_twentyfour_zone
-19.96248792,4.025632426,twenty_twentyfour_zone
-19.9380029,3.676456134,twenty_twentyfour_zone
-19.90741069,3.327761833,twenty_twentyfour_zone
-19.87072066,2.979656331,twenty_twentyfour_zone
-19.82794405,2.632246255,twenty_twentyfour_zone
-19.77909396,2.285638021,twenty_twentyfour_zone
-19.72418536,1.939937798,twenty_twentyfour_zone
-19.66323507,1.595251477,twenty_twentyfour_zone
-19.59626174,1.251684638,twenty_twentyfour_zone
-19.52328591,0.909342519,twenty_twentyfour_zone
-19.44432991,0.568329982,twenty_twentyfour_zone
-19.35941795,0.228751483,twenty_twentyfour_zone
-19.35941795,0,twenty_twentyfour_zone
-21.5,0,twenty_twentyfour_zone
-19.35941795,0.228751483,ten_nineteen_zone
-19.44432991,0.568329982,ten_nineteen_zone
-19.52328591,0.909342519,ten_nineteen_zone
-19.59626174,1.251684638,ten_nineteen_zone
-19.66323507,1.595251477,ten_nineteen_zone
-19.72418536,1.939937798,ten_nineteen_zone
-19.77909396,2.285638021,ten_nineteen_zone
-19.82794405,2.632246255,ten_nineteen_zone
-19.87072066,2.979656331,ten_nineteen_zone
-19.90741069,3.327761833,ten_nineteen_zone
-19.9380029,3.676456134,ten_nineteen_zone
-19.96248792,4.025632426,ten_nineteen_zone
-19.98085825,4.375183752,ten_nineteen_zone
-19.99310827,4.725003043,ten_nineteen_zone
-19.99923421,5.074983144,ten_nineteen_zone
-19.99923421,5.425016856,ten_nineteen_zone
-19.99310827,5.774996957,ten_nineteen_zone
-19.98085825,6.124816248,ten_nineteen_zone
-19.96248792,6.474367574,ten_nineteen_zone
-19.9380029,6.823543866,ten_nineteen_zone
-19.90741069,7.172238167,ten_nineteen_zone
-19.87072066,7.520343669,ten_nineteen_zone
-19.82794405,7.867753745,ten_nineteen_zone
-19.77909396,8.214361979,ten_nineteen_zone
-19.72418536,8.560062202,ten_nineteen_zone
-19.66323507,8.904748523,ten_nineteen_zone
-19.59626174,9.248315362,ten_nineteen_zone
-19.52328591,9.590657481,ten_nineteen_zone
-19.44432991,9.931670018,ten_nineteen_zone
-19.35941795,10.27124852,ten_nineteen_zone
-19.26857602,10.60928896,ten_nineteen_zone
-19.17183195,10.94568781,ten_nineteen_zone
-19.06921538,11.28034202,ten_nineteen_zone
-18.96075773,11.61314907,ten_nineteen_zone
-18.84649224,11.94400704,ten_nineteen_zone
-18.72645389,12.27281458,ten_nineteen_zone
-18.60067947,12.59947096,ten_nineteen_zone
-18.46920748,12.92387613,ten_nineteen_zone
-18.33207822,13.24593073,ten_nineteen_zone
-18.18933367,13.5655361,ten_nineteen_zone
-18.04101757,13.88259435,ten_nineteen_zone
-17.88717534,14.19700835,ten_nineteen_zone
-17.7278541,14.50868181,ten_nineteen_zone
-17.56310267,14.81751925,ten_nineteen_zone
-17.3929715,15.12342607,ten_nineteen_zone
-17.21751271,15.42630858,ten_nineteen_zone
-17.03678003,15.72607398,ten_nineteen_zone
-16.85082884,16.02263048,ten_nineteen_zone
-16.65971609,16.31588721,ten_nineteen_zone
-16.46350032,16.60575437,ten_nineteen_zone
-16.26224162,16.89214316,ten_nineteen_zone
-16.05600166,17.17496586,ten_nineteen_zone
-15.8448436,17.45413583,ten_nineteen_zone
-15.62883212,17.72956756,ten_nineteen_zone
-15.40803339,18.00117669,ten_nineteen_zone
-15.18251504,18.26888002,ten_nineteen_zone
-14.95234615,18.53259555,ten_nineteen_zone
-14.71759722,18.7922425,ten_nineteen_zone
-14.47834016,19.04774134,ten_nineteen_zone
-14.23464826,19.29901381,ten_nineteen_zone
-13.98659615,19.54598294,ten_nineteen_zone
-13.73425982,19.78857308,ten_nineteen_zone
-13.47771656,20.02670993,ten_nineteen_zone
-13.21704496,20.26032053,ten_nineteen_zone
-12.95232486,20.48933334,ten_nineteen_zone
-12.68363735,20.71367821,ten_nineteen_zone
-12.41106472,20.93328641,ten_nineteen_zone
-12.13469047,21.14809068,ten_nineteen_zone
-11.85459926,21.35802522,ten_nineteen_zone
-11.57087688,21.56302573,ten_nineteen_zone
-11.28361023,21.76302941,ten_nineteen_zone
-10.99288731,21.957975,ten_nineteen_zone
-10.69879717,22.14780279,ten_nineteen_zone
-10.4014299,22.33245463,ten_nineteen_zone
-10.10087657,22.51187396,ten_nineteen_zone
-9.797229253,22.68600582,ten_nineteen_zone
-9.490580956,22.85479688,ten_nineteen_zone
-9.181025609,23.01819543,ten_nineteen_zone
-8.868658031,23.17615142,ten_nineteen_zone
-8.553573904,23.32861647,ten_nineteen_zone
-8.23586974,23.47554388,ten_nineteen_zone
-7.915642855,23.61688864,ten_nineteen_zone
-7.592991337,23.75260745,ten_nineteen_zone
-7.268014018,23.88265875,ten_nineteen_zone
-6.940810441,24.0070027,ten_nineteen_zone
-6.611480831,24.12560121,ten_nineteen_zone
-6.280126065,24.23841796,ten_nineteen_zone
-5.946847639,24.34541838,ten_nineteen_zone
-5.611747641,24.4465697,ten_nineteen_zone
-5.274928714,24.54184095,ten_nineteen_zone
-4.936494029,24.63120292,ten_nineteen_zone
-4.596547252,24.71462826,ten_nineteen_zone
-4.25519251,24.79209141,ten_nineteen_zone
-3.912534365,24.86356864,ten_nineteen_zone
-3.568677776,24.92903806,ten_nineteen_zone
-3.223728068,24.98847961,ten_nineteen_zone
-2.877790903,25.04187509,ten_nineteen_zone
-2.530972246,25.08920814,ten_nineteen_zone
-2.183378328,25.13046426,ten_nineteen_zone
-1.835115622,25.16563081,ten_nineteen_zone
-1.486290804,25.19469703,ten_nineteen_zone
-1.137010722,25.21765401,ten_nineteen_zone
-0.787382362,25.23449472,ten_nineteen_zone
-0.437512821,25.24521399,ten_nineteen_zone
-0.087509265,25.24980855,ten_nineteen_zone
0.262521095,25.24827699,ten_nineteen_zone
0.612471043,25.24061978,ten_nineteen_zone
0.962233385,25.22683926,ten_nineteen_zone
1.311700987,25.20693966,ten_nineteen_zone
1.660766803,25.18092706,ten_nineteen_zone
2.009323911,25.14880945,ten_nineteen_zone
2.357265545,25.11059665,ten_nineteen_zone
2.704485128,25.06630037,ten_nineteen_zone
3.050876302,25.01593417,ten_nineteen_zone
3.396332965,24.9595135,ten_nineteen_zone
3.740749301,24.89705562,ten_nineteen_zone
4.084019812,24.82857968,ten_nineteen_zone
4.426039351,24.75410664,ten_nineteen_zone
4.766703155,24.67365931,ten_nineteen_zone
5.105906874,24.58726234,ten_nineteen_zone
5.443546608,24.4949422,ten_nineteen_zone
5.779518934,24.39672716,ten_nineteen_zone
6.113720943,24.2926473,ten_nineteen_zone
6.446050263,24.18273451,ten_nineteen_zone
6.7764051,24.06702245,ten_nineteen_zone
7.104684263,23.94554657,ten_nineteen_zone
7.430787198,23.81834407,ten_nineteen_zone
7.754614015,23.68545393,ten_nineteen_zone
8.076065525,23.54691683,ten_nineteen_zone
8.395043263,23.40277523,ten_nineteen_zone
8.711449524,23.25307327,ten_nineteen_zone
9.025187389,23.09785681,ten_nineteen_zone
9.336160758,22.93717338,ten_nineteen_zone
9.644274377,22.77107222,ten_nineteen_zone
9.949433869,22.59960419,ten_nineteen_zone
10.25154576,22.42282183,ten_nineteen_zone
10.55051751,22.24077927,ten_nineteen_zone
10.84625754,22.05353229,ten_nineteen_zone
11.13867526,21.86113823,ten_nineteen_zone
11.42768111,21.66365603,ten_nineteen_zone
11.71318656,21.46114619,ten_nineteen_zone
11.99510415,21.25367072,ten_nineteen_zone
12.27334753,21.04129318,ten_nineteen_zone
12.54783148,20.82407863,ten_nineteen_zone
12.81847192,20.6020936,ten_nineteen_zone
13.08518594,20.37540608,ten_nineteen_zone
13.34789185,20.14408551,ten_nineteen_zone
13.60650918,19.90820276,ten_nineteen_zone
13.86095871,19.66783006,ten_nineteen_zone
14.11116251,19.42304105,ten_nineteen_zone
14.35704393,19.17391071,ten_nineteen_zone
14.59852766,18.92051536,ten_nineteen_zone
14.83553973,18.6629326,ten_nineteen_zone
15.06800754,18.40124134,ten_nineteen_zone
15.29585989,18.13552173,ten_nineteen_zone
15.51902697,17.86585518,ten_nineteen_zone
15.73744044,17.59232427,ten_nineteen_zone
15.95103339,17.3150128,ten_nineteen_zone
16.15974039,17.03400571,ten_nineteen_zone
16.36349752,16.74938907,ten_nineteen_zone
16.56224236,16.46125007,ten_nineteen_zone
16.75591404,16.16967695,ten_nineteen_zone
16.94445323,15.87475905,ten_nineteen_zone
17.12780218,15.57658668,ten_nineteen_zone
17.30590473,15.27525118,ten_nineteen_zone
17.47870633,14.97084487,ten_nineteen_zone
17.64615405,14.66346097,ten_nineteen_zone
17.80819658,14.35319364,ten_nineteen_zone
17.96478431,14.04013792,ten_nineteen_zone
18.11586926,13.7243897,ten_nineteen_zone
18.26140516,13.40604571,ten_nineteen_zone
18.40134743,13.08520344,ten_nineteen_zone
18.53565319,12.76196117,ten_nineteen_zone
18.66428132,12.43641793,ten_nineteen_zone
18.78719242,12.10867342,ten_nineteen_zone
18.90434882,11.77882804,ten_nineteen_zone
19.01571466,11.44698282,ten_nineteen_zone
19.12125581,11.11323941,ten_nineteen_zone
19.22093994,10.77770004,ten_nineteen_zone
19.31473653,10.44046748,ten_nineteen_zone
19.40261685,10.10164503,ten_nineteen_zone
19.48455396,9.761336486,ten_nineteen_zone
19.56052278,9.419646075,ten_nineteen_zone
19.63050004,9.076678464,ten_nineteen_zone
19.6944643,8.732538707,ten_nineteen_zone
19.75239597,8.387332217,ten_nineteen_zone
19.8042773,8.041164734,ten_nineteen_zone
19.8500924,7.694142292,ten_nineteen_zone
19.88982725,7.346371187,ten_nineteen_zone
19.92346965,6.997957945,ten_nineteen_zone
19.95100932,6.649009287,ten_nineteen_zone
19.97243782,6.299632101,ten_nineteen_zone
19.98774858,5.949933403,ten_nineteen_zone
19.99693691,5.600020309,ten_nineteen_zone
20,5.25,ten_nineteen_zone
19.99693691,4.899979691,ten_nineteen_zone
19.98774858,4.550066597,ten_nineteen_zone
19.97243782,4.200367899,ten_nineteen_zone
19.95100932,3.850990713,ten_nineteen_zone
19.92346965,3.502042055,ten_nineteen_zone
19.88982725,3.153628813,ten_nineteen_zone
19.8500924,2.805857708,ten_nineteen_zone
19.8042773,2.458835266,ten_nineteen_zone
19.75239597,2.112667783,ten_nineteen_zone
19.6944643,1.767461293,ten_nineteen_zone
19.63050004,1.423321536,ten_nineteen_zone
19.56052278,1.080353925,ten_nineteen_zone
19.48455396,0.738663514,ten_nineteen_zone
19.40261685,0.398354966,ten_nineteen_zone
19.31473653,0.059532521,ten_nineteen_zone
19.31473653,0,ten_nineteen_zone
14.5,0,ten_nineteen_zone
8.563901091,0,ten_nineteen_zone
8.563901091,0.086706661,ten_nineteen_zone
8.652952367,0.237374408,ten_nineteen_zone
8.739353167,0.389577567,ten_nineteen_zone
8.823077023,0.543269517,ten_nineteen_zone
8.904098292,0.698403181,ten_nineteen_zone
8.982392156,0.85493104,ten_nineteen_zone
9.057934631,1.012805148,ten_nineteen_zone
9.130702581,1.171977147,ten_nineteen_zone
9.200673713,1.332398282,ten_nineteen_zone
9.267826597,1.494019413,ten_nineteen_zone
9.332140662,1.656791034,ten_nineteen_zone
9.393596208,1.820663288,ten_nineteen_zone
9.452174411,1.985585978,ten_nineteen_zone
9.507857328,2.151508588,ten_nineteen_zone
9.560627903,2.318380294,ten_nineteen_zone
9.610469971,2.486149981,ten_nineteen_zone
9.657368267,2.65476626,ten_nineteen_zone
9.701308423,2.824177483,ten_nineteen_zone
9.742276981,2.994331757,ten_nineteen_zone
9.780261392,3.165176963,ten_nineteen_zone
9.815250021,3.336660768,ten_nineteen_zone
9.847232151,3.508730647,ten_nineteen_zone
9.876197985,3.681333892,ten_nineteen_zone
9.902138651,3.854417633,ten_nineteen_zone
9.925046202,4.027928854,ten_nineteen_zone
9.944913623,4.201814407,ten_nineteen_zone
9.961734827,4.376021028,ten_nineteen_zone
9.975504662,4.550495356,ten_nineteen_zone
9.98621891,4.72518395,ten_nineteen_zone
9.993874289,4.900033299,ten_nineteen_zone
9.998468455,5.074989846,ten_nineteen_zone
10,5.25,ten_nineteen_zone
10,5.25,ten_nineteen_zone
9.998468455,5.425010154,ten_nineteen_zone
9.993874289,5.599966701,ten_nineteen_zone
9.98621891,5.77481605,ten_nineteen_zone
9.975504662,5.949504644,ten_nineteen_zone
9.961734827,6.123978972,ten_nineteen_zone
9.944913623,6.298185593,ten_nineteen_zone
9.925046202,6.472071146,ten_nineteen_zone
9.902138651,6.645582367,ten_nineteen_zone
9.876197985,6.818666108,ten_nineteen_zone
9.847232151,6.991269353,ten_nineteen_zone
9.815250021,7.163339232,ten_nineteen_zone
9.780261392,7.334823037,ten_nineteen_zone
9.742276981,7.505668243,ten_nineteen_zone
9.701308423,7.675822517,ten_nineteen_zone
9.657368267,7.84523374,ten_nineteen_zone
9.610469971,8.013850019,ten_nineteen_zone
9.560627903,8.181619706,ten_nineteen_zone
9.507857328,8.348491412,ten_nineteen_zone
9.452174411,8.514414022,ten_nineteen_zone
9.393596208,8.679336712,ten_nineteen_zone
9.332140662,8.843208966,ten_nineteen_zone
9.267826597,9.005980587,ten_nineteen_zone
9.200673713,9.167601718,ten_nineteen_zone
9.130702581,9.328022853,ten_nineteen_zone
9.057934631,9.487194852,ten_nineteen_zone
8.982392156,9.64506896,ten_nineteen_zone
8.904098292,9.801596819,ten_nineteen_zone
8.823077023,9.956730483,ten_nineteen_zone
8.739353167,10.11042243,ten_nineteen_zone
8.652952367,10.26262559,ten_nineteen_zone
8.563901091,10.41329334,ten_nineteen_zone
8.472226615,10.56237952,ten_nineteen_zone
8.377957019,10.70983848,ten_nineteen_zone
8.28112118,10.85562503,ten_nineteen_zone
8.181748759,10.99969454,ten_nineteen_zone
8.079870194,11.14200286,ten_nineteen_zone
7.975516693,11.2825064,ten_nineteen_zone
7.868720219,11.42116214,ten_nineteen_zone
7.759513485,11.55792759,ten_nineteen_zone
7.647929943,11.69276087,ten_nineteen_zone
7.534003771,11.82562067,ten_nineteen_zone
7.417769865,11.9564663,ten_nineteen_zone
7.299263831,12.08525768,ten_nineteen_zone
7.178521965,12.21195536,ten_nineteen_zone
7.055581254,12.33652053,ten_nineteen_zone
6.930479355,12.45891503,ten_nineteen_zone
6.803254588,12.57910138,ten_nineteen_zone
6.673945923,12.69704276,ten_nineteen_zone
6.542592968,12.81270304,ten_nineteen_zone
6.409235958,12.9260468,ten_nineteen_zone
6.273915741,13.03703931,ten_nineteen_zone
6.136673767,13.14564659,ten_nineteen_zone
5.997552075,13.25183536,ten_nineteen_zone
5.856593279,13.35557309,ten_nineteen_zone
5.713840556,13.45682802,ten_nineteen_zone
5.569337632,13.55556912,ten_nineteen_zone
5.423128769,13.65176614,ten_nineteen_zone
5.275258754,13.74538964,ten_nineteen_zone
5.125772879,13.83641091,ten_nineteen_zone
4.974716934,13.9248021,ten_nineteen_zone
4.822137189,14.01053611,ten_nineteen_zone
4.668080379,14.09358669,ten_nineteen_zone
4.512593694,14.1739284,ten_nineteen_zone
4.355724762,14.25153664,ten_nineteen_zone
4.197521631,14.32638762,ten_nineteen_zone
4.038032762,14.39845842,ten_nineteen_zone
3.877307008,14.46772696,ten_nineteen_zone
3.715393599,14.53417204,ten_nineteen_zone
3.552342132,14.59777328,ten_nineteen_zone
3.38820255,14.65851123,ten_nineteen_zone
3.223025131,14.71636725,ten_nineteen_zone
3.056860471,14.77132365,ten_nineteen_zone
2.889759467,14.82336358,ten_nineteen_zone
2.721773304,14.8724711,ten_nineteen_zone
2.552953437,14.91863117,ten_nineteen_zone
2.383351577,14.96182966,ten_nineteen_zone
2.213019676,15.00205332,ten_nineteen_zone
2.042009906,15.03928984,ten_nineteen_zone
1.870374651,15.07352781,ten_nineteen_zone
1.698166483,15.10475675,ten_nineteen_zone
1.525438151,15.13296709,ten_nineteen_zone
1.352242564,15.15815018,ten_nineteen_zone
1.178632773,15.18029832,ten_nineteen_zone
1.004661956,15.19940472,ten_nineteen_zone
0.830383401,15.21546353,ten_nineteen_zone
0.655850494,15.22846983,ten_nineteen_zone
0.481116693,15.23841963,ten_nineteen_zone
0.306235521,15.24530989,ten_nineteen_zone
0.131260547,15.2491385,ten_nineteen_zone
-0.043754633,15.24990428,ten_nineteen_zone
-0.21875641,15.247607,ten_nineteen_zone
-0.393691181,15.24224736,ten_nineteen_zone
-0.568505361,15.233827,ten_nineteen_zone
-0.743145402,15.22234852,ten_nineteen_zone
-0.917557811,15.20781541,ten_nineteen_zone
-1.091689164,15.19023213,ten_nineteen_zone
-1.265486123,15.16960407,ten_nineteen_zone
-1.438895452,15.14593754,ten_nineteen_zone
-1.611864034,15.11923981,ten_nineteen_zone
-1.784338888,15.08951903,ten_nineteen_zone
-1.956267183,15.05678432,ten_nineteen_zone
-2.127596255,15.02104571,ten_nineteen_zone
-2.298273626,14.98231413,ten_nineteen_zone
-2.468247015,14.94060146,ten_nineteen_zone
-2.637464357,14.89592047,ten_nineteen_zone
-2.805873821,14.84828485,ten_nineteen_zone
-2.97342382,14.79770919,ten_nineteen_zone
-3.140063032,14.74420898,ten_nineteen_zone
-3.305740415,14.68780061,ten_nineteen_zone
-3.47040522,14.62850135,ten_nineteen_zone
-3.634007009,14.56632938,ten_nineteen_zone
-3.796495669,14.50130373,ten_nineteen_zone
-3.957821427,14.43344432,ten_nineteen_zone
-4.11793487,14.36277194,ten_nineteen_zone
-4.276786952,14.28930823,ten_nineteen_zone
-4.434329016,14.21307571,ten_nineteen_zone
-4.590512805,14.13409771,ten_nineteen_zone
-4.745290478,14.05239844,ten_nineteen_zone
-4.898614626,13.96800291,ten_nineteen_zone
-5.050438285,13.88093698,ten_nineteen_zone
-5.200714949,13.79122731,ten_nineteen_zone
-5.349398587,13.69890139,ten_nineteen_zone
-5.496443656,13.6039875,ten_nineteen_zone
-5.641805115,13.5065147,ten_nineteen_zone
-5.785438438,13.40651286,ten_nineteen_zone
-5.92729963,13.30401261,ten_nineteen_zone
-6.067345236,13.19904534,ten_nineteen_zone
-6.20553236,13.0916432,ten_nineteen_zone
-6.341818673,12.9818391,ten_nineteen_zone
-6.476162431,12.86966667,ten_nineteen_zone
-6.608522481,12.75516027,ten_nineteen_zone
-6.738858282,12.63835496,ten_nineteen_zone
-6.86712991,12.51928654,ten_nineteen_zone
-6.993298074,12.39799147,ten_nineteen_zone
-7.117324128,12.27450691,ten_nineteen_zone
-7.239170081,12.14887067,ten_nineteen_zone
-7.358798612,12.02112125,ten_nineteen_zone
-7.476173076,11.89129778,ten_nineteen_zone
-7.591257521,11.75944001,ten_nineteen_zone
-7.704016696,11.62558835,ten_nineteen_zone
-7.814416061,11.48978378,ten_nineteen_zone
-7.9224218,11.35206791,ten_nineteen_zone
-8.028000831,11.21248293,ten_nineteen_zone
-8.131120812,11.07107158,ten_nineteen_zone
-8.231750158,10.92787719,ten_nineteen_zone
-8.329858044,10.78294361,ten_nineteen_zone
-8.42541442,10.63631524,ten_nineteen_zone
-8.518390016,10.48803699,ten_nineteen_zone
-8.608756353,10.33815429,ten_nineteen_zone
-8.69648575,10.18671304,ten_nineteen_zone
-8.781551335,10.03375963,ten_nineteen_zone
-8.863927052,9.879340906,ten_nineteen_zone
-8.943587668,9.723504177,ten_nineteen_zone
-9.020508783,9.566297174,ten_nineteen_zone
-9.094666835,9.40776805,ten_nineteen_zone
-9.166039109,9.247965365,ten_nineteen_zone
-9.234603742,9.086938067,ten_nineteen_zone
-9.300339733,8.92473548,ten_nineteen_zone
-9.363226947,8.761407289,ten_nineteen_zone
-9.423246119,8.597003521,ten_nineteen_zone
-9.480378867,8.431574537,ten_nineteen_zone
-9.53460769,8.265171008,ten_nineteen_zone
-9.585915976,8.097843905,ten_nineteen_zone
-9.63428801,7.929644481,ten_nineteen_zone
-9.679708975,7.760624258,ten_nineteen_zone
-9.722164957,7.590835009,ten_nineteen_zone
-9.761642954,7.420328741,ten_nineteen_zone
-9.798130871,7.249157681,ten_nineteen_zone
-9.831617533,7.077374262,ten_nineteen_zone
-9.862092681,6.905031101,ten_nineteen_zone
-9.889546982,6.732180989,ten_nineteen_zone
-9.913972026,6.558876872,ten_nineteen_zone
-9.935360331,6.385171835,ten_nineteen_zone
-9.953705346,6.211119084,ten_nineteen_zone
-9.969001451,6.036771933,ten_nineteen_zone
-9.981243961,5.862183787,ten_nineteen_zone
-9.990429127,5.687408124,ten_nineteen_zone
-9.996554134,5.512498479,ten_nineteen_zone
-9.999617106,5.337508428,ten_nineteen_zone
-9.999617106,5.162491572,ten_nineteen_zone
-9.996554134,4.987501521,ten_nineteen_zone
-9.990429127,4.812591876,ten_nineteen_zone
-9.981243961,4.637816213,ten_nineteen_zone
-9.969001451,4.463228067,ten_nineteen_zone
-9.953705346,4.288880916,ten_nineteen_zone
-9.935360331,4.114828165,ten_nineteen_zone
-9.913972026,3.941123128,ten_nineteen_zone
-9.889546982,3.767819011,ten_nineteen_zone
-9.862092681,3.594968899,ten_nineteen_zone
-9.831617533,3.422625738,ten_nineteen_zone
-9.798130871,3.250842319,ten_nineteen_zone
-9.761642954,3.079671259,ten_nineteen_zone
-9.722164957,2.909164991,ten_nineteen_zone
-9.679708975,2.739375742,ten_nineteen_zone
-9.63428801,2.570355519,ten_nineteen_zone
-9.585915976,2.402156095,ten_nineteen_zone
-9.53460769,2.234828992,ten_nineteen_zone
-9.480378867,2.068425463,ten_nineteen_zone
-9.423246119,1.902996479,ten_nineteen_zone
-9.363226947,1.738592711,ten_nineteen_zone
-9.300339733,1.57526452,ten_nineteen_zone
-9.234603742,1.413061933,ten_nineteen_zone
-9.166039109,1.252034635,ten_nineteen_zone
-9.094666835,1.09223195,ten_nineteen_zone
-9.020508783,0.933702826,ten_nineteen_zone
-8.943587668,0.776495823,ten_nineteen_zone
-8.863927052,0.620659094,ten_nineteen_zone
-8.781551335,0.466240375,ten_nineteen_zone
-8.69648575,0.313286964,ten_nineteen_zone
-8.608756353,0.161845712,ten_nineteen_zone
-8.518390016,0.011963008,ten_nineteen_zone
-8.518390016,0,ten_nineteen_zone
-14.5,0,ten_nineteen_zone
-19.25,0,ten_nineteen_zone
10,5.25,zero_nine_zone
9.998468455,5.425010154,zero_nine_zone
9.993874289,5.599966701,zero_nine_zone
9.98621891,5.77481605,zero_nine_zone
9.975504662,5.949504644,zero_nine_zone
9.961734827,6.123978972,zero_nine_zone
9.944913623,6.298185593,zero_nine_zone
9.925046202,6.472071146,zero_nine_zone
9.902138651,6.645582367,zero_nine_zone
9.876197985,6.818666108,zero_nine_zone
9.847232151,6.991269353,zero_nine_zone
9.815250021,7.163339232,zero_nine_zone
9.780261392,7.334823037,zero_nine_zone
9.742276981,7.505668243,zero_nine_zone
9.701308423,7.675822517,zero_nine_zone
9.657368267,7.84523374,zero_nine_zone
9.610469971,8.013850019,zero_nine_zone
9.560627903,8.181619706,zero_nine_zone
9.507857328,8.348491412,zero_nine_zone
9.452174411,8.514414022,zero_nine_zone
9.393596208,8.679336712,zero_nine_zone
9.332140662,8.843208966,zero_nine_zone
9.267826597,9.005980587,zero_nine_zone
9.200673713,9.167601718,zero_nine_zone
9.130702581,9.328022853,zero_nine_zone
9.057934631,9.487194852,zero_nine_zone
8.982392156,9.64506896,zero_nine_zone
8.904098292,9.801596819,zero_nine_zone
8.823077023,9.956730483,zero_nine_zone
8.739353167,10.11042243,zero_nine_zone
8.652952367,10.26262559,zero_nine_zone
8.563901091,10.41329334,zero_nine_zone
8.472226615,10.56237952,zero_nine_zone
8.377957019,10.70983848,zero_nine_zone
8.28112118,10.85562503,zero_nine_zone
8.181748759,10.99969454,zero_nine_zone
8.079870194,11.14200286,zero_nine_zone
7.975516693,11.2825064,zero_nine_zone
7.868720219,11.42116214,zero_nine_zone
7.759513485,11.55792759,zero_nine_zone
7.647929943,11.69276087,zero_nine_zone
7.534003771,11.82562067,zero_nine_zone
7.417769865,11.9564663,zero_nine_zone
7.299263831,12.08525768,zero_nine_zone
7.178521965,12.21195536,zero_nine_zone
7.055581254,12.33652053,zero_nine_zone
6.930479355,12.45891503,zero_nine_zone
6.803254588,12.57910138,zero_nine_zone
6.673945923,12.69704276,zero_nine_zone
6.542592968,12.81270304,zero_nine_zone
6.409235958,12.9260468,zero_nine_zone
6.273915741,13.03703931,zero_nine_zone
6.136673767,13.14564659,zero_nine_zone
5.997552075,13.25183536,zero_nine_zone
5.856593279,13.35557309,zero_nine_zone
5.713840556,13.45682802,zero_nine_zone
5.569337632,13.55556912,zero_nine_zone
5.423128769,13.65176614,zero_nine_zone
5.275258754,13.74538964,zero_nine_zone
5.125772879,13.83641091,zero_nine_zone
4.974716934,13.9248021,zero_nine_zone
4.822137189,14.01053611,zero_nine_zone
4.668080379,14.09358669,zero_nine_zone
4.512593694,14.1739284,zero_nine_zone
4.355724762,14.25153664,zero_nine_zone
4.197521631,14.32638762,zero_nine_zone
4.038032762,14.39845842,zero_nine_zone
3.877307008,14.46772696,zero_nine_zone
3.715393599,14.53417204,zero_nine_zone
3.552342132,14.59777328,zero_nine_zone
3.38820255,14.65851123,zero_nine_zone
3.223025131,14.71636725,zero_nine_zone
3.056860471,14.77132365,zero_nine_zone
2.889759467,14.82336358,zero_nine_zone
2.721773304,14.8724711,zero_nine_zone
2.552953437,14.91863117,zero_nine_zone
2.383351577,14.96182966,zero_nine_zone
2.213019676,15.00205332,zero_nine_zone
2.042009906,15.03928984,zero_nine_zone
1.870374651,15.07352781,zero_nine_zone
1.698166483,15.10475675,zero_nine_zone
1.525438151,15.13296709,zero_nine_zone
1.352242564,15.15815018,zero_nine_zone
1.178632773,15.18029832,zero_nine_zone
1.004661956,15.19940472,zero_nine_zone
0.830383401,15.21546353,zero_nine_zone
0.655850494,15.22846983,zero_nine_zone
0.481116693,15.23841963,zero_nine_zone
0.306235521,15.24530989,zero_nine_zone
0.131260547,15.2491385,zero_nine_zone
-0.043754633,15.24990428,zero_nine_zone
-0.21875641,15.247607,zero_nine_zone
-0.393691181,15.24224736,zero_nine_zone
-0.568505361,15.233827,zero_nine_zone
-0.743145402,15.22234852,zero_nine_zone
-0.917557811,15.20781541,zero_nine_zone
-1.091689164,15.19023213,zero_nine_zone
-1.265486123,15.16960407,zero_nine_zone
-1.438895452,15.14593754,zero_nine_zone
-1.611864034,15.11923981,zero_nine_zone
-1.784338888,15.08951903,zero_nine_zone
-1.956267183,15.05678432,zero_nine_zone
-2.127596255,15.02104571,zero_nine_zone
-2.298273626,14.98231413,zero_nine_zone
-2.468247015,14.94060146,zero_nine_zone
-2.637464357,14.89592047,zero_nine_zone
-2.805873821,14.84828485,zero_nine_zone
-2.97342382,14.79770919,zero_nine_zone
-3.140063032,14.74420898,zero_nine_zone
-3.305740415,14.68780061,zero_nine_zone
-3.47040522,14.62850135,zero_nine_zone
-3.634007009,14.56632938,zero_nine_zone
-3.796495669,14.50130373,zero_nine_zone
-3.957821427,14.43344432,zero_nine_zone
-4.11793487,14.36277194,zero_nine_zone
-4.276786952,14.28930823,zero_nine_zone
-4.434329016,14.21307571,zero_nine_zone
-4.590512805,14.13409771,zero_nine_zone
-4.745290478,14.05239844,zero_nine_zone
-4.898614626,13.96800291,zero_nine_zone
-5.050438285,13.88093698,zero_nine_zone
-5.200714949,13.79122731,zero_nine_zone
-5.349398587,13.69890139,zero_nine_zone
-5.496443656,13.6039875,zero_nine_zone
-5.641805115,13.5065147,zero_nine_zone
-5.785438438,13.40651286,zero_nine_zone
-5.92729963,13.30401261,zero_nine_zone
-6.067345236,13.19904534,zero_nine_zone
-6.20553236,13.0916432,zero_nine_zone
-6.341818673,12.9818391,zero_nine_zone
-6.476162431,12.86966667,zero_nine_zone
-6.608522481,12.75516027,zero_nine_zone
-6.738858282,12.63835496,zero_nine_zone
-6.86712991,12.51928654,zero_nine_zone
-6.993298074,12.39799147,zero_nine_zone
-7.117324128,12.27450691,zero_nine_zone
-7.239170081,12.14887067,zero_nine_zone
-7.358798612,12.02112125,zero_nine_zone
-7.476173076,11.89129778,zero_nine_zone
-7.591257521,11.75944001,zero_nine_zone
-7.704016696,11.62558835,zero_nine_zone
-7.814416061,11.48978378,zero_nine_zone
-7.9224218,11.35206791,zero_nine_zone
-8.028000831,11.21248293,zero_nine_zone
-8.131120812,11.07107158,zero_nine_zone
-8.231750158,10.92787719,zero_nine_zone
-8.329858044,10.78294361,zero_nine_zone
-8.42541442,10.63631524,zero_nine_zone
-8.518390016,10.48803699,zero_nine_zone
-8.608756353,10.33815429,zero_nine_zone
-8.69648575,10.18671304,zero_nine_zone
-8.781551335,10.03375963,zero_nine_zone
-8.863927052,9.879340906,zero_nine_zone
-8.943587668,9.723504177,zero_nine_zone
-9.020508783,9.566297174,zero_nine_zone
-9.094666835,9.40776805,zero_nine_zone
-9.166039109,9.247965365,zero_nine_zone
-9.234603742,9.086938067,zero_nine_zone
-9.300339733,8.92473548,zero_nine_zone
-9.363226947,8.761407289,zero_nine_zone
-9.423246119,8.597003521,zero_nine_zone
-9.480378867,8.431574537,zero_nine_zone
-9.53460769,8.265171008,zero_nine_zone
-9.585915976,8.097843905,zero_nine_zone
-9.63428801,7.929644481,zero_nine_zone
-9.679708975,7.760624258,zero_nine_zone
-9.722164957,7.590835009,zero_nine_zone
-9.761642954,7.420328741,zero_nine_zone
-9.798130871,7.249157681,zero_nine_zone
-9.831617533,7.077374262,zero_nine_zone
-9.862092681,6.905031101,zero_nine_zone
-9.889546982,6.732180989,zero_nine_zone
-9.913972026,6.558876872,zero_nine_zone
-9.935360331,6.385171835,zero_nine_zone
-9.953705346,6.211119084,zero_nine_zone
-9.969001451,6.036771933,zero_nine_zone
-9.981243961,5.862183787,zero_nine_zone
-9.990429127,5.687408124,zero_nine_zone
-9.996554134,5.512498479,zero_nine_zone
-9.999617106,5.337508428,zero_nine_zone
-9.999617106,5.162491572,zero_nine_zone
-9.996554134,4.987501521,zero_nine_zone
-9.990429127,4.812591876,zero_nine_zone
-9.981243961,4.637816213,zero_nine_zone
-9.969001451,4.463228067,zero_nine_zone
-9.953705346,4.288880916,zero_nine_zone
-9.935360331,4.114828165,zero_nine_zone
-9.913972026,3.941123128,zero_nine_zone
-9.889546982,3.767819011,zero_nine_zone
-9.862092681,3.594968899,zero_nine_zone
-9.831617533,3.422625738,zero_nine_zone
-9.798130871,3.250842319,zero_nine_zone
-9.761642954,3.079671259,zero_nine_zone
-9.722164957,2.909164991,zero_nine_zone
-9.679708975,2.739375742,zero_nine_zone
-9.63428801,2.570355519,zero_nine_zone
-9.585915976,2.402156095,zero_nine_zone
-9.53460769,2.234828992,zero_nine_zone
-9.480378867,2.068425463,zero_nine_zone
-9.423246119,1.902996479,zero_nine_zone
-9.363226947,1.738592711,zero_nine_zone
-9.300339733,1.57526452,zero_nine_zone
-9.234603742,1.413061933,zero_nine_zone
-9.166039109,1.252034635,zero_nine_zone
-9.094666835,1.09223195,zero_nine_zone
-9.020508783,0.933702826,zero_nine_zone
-8.943587668,0.776495823,zero_nine_zone
-8.863927052,0.620659094,zero_nine_zone
-8.781551335,0.466240375,zero_nine_zone
-8.69648575,0.313286964,zero_nine_zone
-8.608756353,0.161845712,zero_nine_zone
-8.518390016,0.011963008,zero_nine_zone
8.563901091,0.086706661,zero_nine_zone
8.652952367,0.237374408,zero_nine_zone
8.739353167,0.389577567,zero_nine_zone
8.823077023,0.543269517,zero_nine_zone
8.904098292,0.698403181,zero_nine_zone
8.982392156,0.85493104,zero_nine_zone
9.057934631,1.012805148,zero_nine_zone
9.130702581,1.171977147,zero_nine_zone
9.200673713,1.332398282,zero_nine_zone
9.267826597,1.494019413,zero_nine_zone
9.332140662,1.656791034,zero_nine_zone
9.393596208,1.820663288,zero_nine_zone
9.452174411,1.985585978,zero_nine_zone
9.507857328,2.151508588,zero_nine_zone
9.560627903,2.318380294,zero_nine_zone
9.610469971,2.486149981,zero_nine_zone
9.657368267,2.65476626,zero_nine_zone
9.701308423,2.824177483,zero_nine_zone
9.742276981,2.994331757,zero_nine_zone
9.780261392,3.165176963,zero_nine_zone
9.815250021,3.336660768,zero_nine_zone
9.847232151,3.508730647,zero_nine_zone
9.876197985,3.681333892,zero_nine_zone
9.902138651,3.854417633,zero_nine_zone
9.925046202,4.027928854,zero_nine_zone
9.944913623,4.201814407,zero_nine_zone
9.961734827,4.376021028,zero_nine_zone
9.975504662,4.550495356,zero_nine_zone
9.98621891,4.72518395,zero_nine_zone
9.993874289,4.900033299,zero_nine_zone
9.998468455,5.074989846,zero_nine_zone
10,5.25,zero_nine_zone
